{"cameraMode":{"drawMode":0,"name":"Shaded","section":"Shading Mode"},"sceneLighting":true,"audioPlay":false,"sceneViewState":{"m_AlwaysRefresh":false,"showFog":true,"showSkybox":true,"showFlares":true,"showImageEffects":true,"showParticleSystems":true,"showVisualEffectGraphs":true,"m_FxEnabled":true},"in2DMode":false,"pivot":{"x":656.447998046875,"y":309.2773742675781,"z":3.3190839290618898},"rotation":{"x":-0.021308021619915963,"y":0.0005972855142317712,"z":-0.000012776446055795532,"w":-0.999774158000946},"size":333.88739013671877,"orthographic":false}